model,estimator,PR_AUC,F1,Precision,Recall
binary_baseline@0.5,LogReg,0.09929025355395517,0.14903784063024667,0.08655865586558656,0.5357474466109564
binary_baseline@best,LogReg,0.09929025355395517,0.15896394108644873,0.10940230688570429,0.2906220984215413
binary_refined@0.5,XGBClassifier,0.09735168959033061,0.15758678975425822,0.09162382824312065,0.5626740947075209
binary_refined@best,XGBClassifier,0.09735168959033061,0.16092726356429293,0.09823625922887613,0.4447539461467038
multiclass_baseline,DecisionTree,,0.3873687267783965,,
multiclass_refined,RandomForest,,0.3159977865753008,,
